antecedents,consequents,antecedent support,consequent support,support,confidence,lift,representativity,leverage,conviction,zhangs_metric,jaccard,certainty,kulczynski
PACK OF 6 SKULL PAPER PLATES,PACK OF 6 SKULL PAPER CUPS,0.05804749340369393,0.06596306068601583,0.052770448548812667,0.9090909090909092,13.781818181818183,1.0,0.0489414582187537,10.274406332453834,0.9845938375350141,0.7407407407407407,0.9026707755521316,0.8545454545454546
PACK OF 6 SKULL PAPER CUPS,PACK OF 6 SKULL PAPER PLATES,0.06596306068601583,0.05804749340369393,0.052770448548812667,0.8,13.781818181818183,1.0,0.0489414582187537,4.709762532981531,0.9929378531073447,0.7407407407407407,0.7876750700280113,0.8545454545454546
CHILDRENS CUTLERY DOLLY GIRL ,CHILDRENS CUTLERY SPACEBOY ,0.07387862796833773,0.0712401055408971,0.06596306068601583,0.8928571428571429,12.533068783068783,1.0,0.06069993943233478,8.668425681618297,0.9936182336182336,0.8333333333333334,0.8846387987012988,0.9093915343915344
CHILDRENS CUTLERY SPACEBOY ,CHILDRENS CUTLERY DOLLY GIRL ,0.0712401055408971,0.07387862796833773,0.06596306068601583,0.9259259259259258,12.533068783068781,1.0,0.06069993943233478,12.502638522427421,0.9907954545454546,0.8333333333333334,0.9200168829798459,0.9093915343915344
"ALARM CLOCK BAKELIKE GREEN, ALARM CLOCK BAKELIKE PINK",ALARM CLOCK BAKELIKE RED ,0.07651715039577836,0.09762532981530343,0.06596306068601583,0.8620689655172414,8.830382106244176,1.0,0.058493048642100795,6.5422163588390525,0.9602285714285714,0.6097560975609756,0.8471466021375278,0.7688723205964585
ALARM CLOCK BAKELIKE RED ,"ALARM CLOCK BAKELIKE GREEN, ALARM CLOCK BAKELIKE PINK",0.09762532981530343,0.07651715039577836,0.06596306068601583,0.6756756756756757,8.830382106244175,1.0,0.058493048642100795,2.84740545294635,0.9826900584795322,0.6097560975609756,0.6488030888030888,0.7688723205964585
ALARM CLOCK BAKELIKE GREEN,"ALARM CLOCK BAKELIKE PINK, ALARM CLOCK BAKELIKE RED ",0.10026385224274406,0.07651715039577836,0.06596306068601583,0.6578947368421053,8.598003629764067,1.0,0.058291156424697683,2.6994114065354173,0.9821700879765396,0.5952380952380952,0.6295488721804512,0.7599818511796734
"ALARM CLOCK BAKELIKE PINK, ALARM CLOCK BAKELIKE RED ",ALARM CLOCK BAKELIKE GREEN,0.07651715039577836,0.10026385224274406,0.06596306068601583,0.8620689655172414,8.598003629764065,1.0,0.058291156424697683,6.523087071240108,0.9569142857142857,0.5952380952380952,0.8466983517039135,0.7599818511796734
ALARM CLOCK BAKELIKE RED ,ALARM CLOCK BAKELIKE GREEN,0.09762532981530343,0.10026385224274406,0.08179419525065963,0.8378378378378378,8.356330014224751,1.0,0.0720059036069089,5.548372911169745,0.975570647047727,0.7045454545454545,0.8197669810573036,0.8268136557610242
ALARM CLOCK BAKELIKE GREEN,ALARM CLOCK BAKELIKE RED ,0.10026385224274406,0.09762532981530343,0.08179419525065963,0.8157894736842105,8.356330014224751,1.0,0.0720059036069089,4.898605352431209,0.9784315580361365,0.7045454545454545,0.7958602646968298,0.8268136557610242
ALARM CLOCK BAKELIKE PINK,"ALARM CLOCK BAKELIKE GREEN, ALARM CLOCK BAKELIKE RED ",0.10554089709762533,0.08179419525065963,0.06596306068601583,0.625,7.641129032258064,1.0,0.05733042794188289,2.4485488126649075,0.9716814159292037,0.5434782608695652,0.5915948275862069,0.7157258064516129
"ALARM CLOCK BAKELIKE GREEN, ALARM CLOCK BAKELIKE RED ",ALARM CLOCK BAKELIKE PINK,0.08179419525065963,0.10554089709762533,0.06596306068601583,0.8064516129032258,7.641129032258064,1.0,0.05733042794188289,4.6213720316622675,0.9465517241379311,0.5434782608695652,0.7836140451041963,0.7157258064516129
ALARM CLOCK BAKELIKE RED ,ALARM CLOCK BAKELIKE PINK,0.09762532981530343,0.10554089709762533,0.07651715039577836,0.7837837837837838,7.426351351351351,1.0,0.06621368550761969,4.136873350923483,0.9589635007057875,0.6041666666666666,0.7582715458821653,0.7543918918918919
ALARM CLOCK BAKELIKE PINK,ALARM CLOCK BAKELIKE RED ,0.10554089709762533,0.09762532981530343,0.07651715039577836,0.725,7.426351351351351,1.0,0.06621368550761969,3.2813624370352596,0.9674499033669006,0.6041666666666666,0.6952485380116958,0.7543918918918919
"SET/20 RED RETROSPOT PAPER NAPKINS , SET/6 RED SPOTTY PAPER CUPS",SET/6 RED SPOTTY PAPER PLATES,0.10554089709762533,0.13192612137203166,0.10290237467018469,0.9749999999999999,7.390499999999999,1.0,0.08897877346997027,34.72295514511855,0.9667196127373119,0.7647058823529411,0.9712006079027354,0.8775
SET/6 RED SPOTTY PAPER PLATES,"SET/20 RED RETROSPOT PAPER NAPKINS , SET/6 RED SPOTTY PAPER CUPS",0.13192612137203166,0.10554089709762533,0.10290237467018469,0.7799999999999999,7.390499999999999,1.0,0.08897877346997027,4.065723195010793,0.9961031875925492,0.7647058823529411,0.7540412979351031,0.8775
ALARM CLOCK BAKELIKE PINK,ALARM CLOCK BAKELIKE GREEN,0.10554089709762533,0.10026385224274406,0.07651715039577836,0.725,7.230921052631579,1.0,0.0659352134836154,3.271767810026385,0.9633811412877632,0.5918367346938774,0.6943548387096774,0.7440789473684211
ALARM CLOCK BAKELIKE GREEN,ALARM CLOCK BAKELIKE PINK,0.10026385224274406,0.10554089709762533,0.07651715039577836,0.763157894736842,7.230921052631578,1.0,0.0659352134836154,3.7766051011433586,0.9577308120133482,0.5918367346938774,0.7352119236143455,0.7440789473684211
"SET/20 RED RETROSPOT PAPER NAPKINS , SET/6 RED SPOTTY PAPER PLATES",SET/6 RED SPOTTY PAPER CUPS,0.10554089709762533,0.1424802110817942,0.10290237467018469,0.9749999999999999,6.843055555555554,1.0,0.08786488537395311,34.30079155672805,0.954617653732698,0.7090909090909091,0.9708461538461537,0.848611111111111
SET/6 RED SPOTTY PAPER CUPS,"SET/20 RED RETROSPOT PAPER NAPKINS , SET/6 RED SPOTTY PAPER PLATES",0.1424802110817942,0.10554089709762533,0.10290237467018469,0.7222222222222221,6.843055555555554,1.0,0.08786488537395311,3.220052770448547,0.9957396449704141,0.7090909090909091,0.6894460832513928,0.848611111111111
SET/6 RED SPOTTY PAPER PLATES,SET/6 RED SPOTTY PAPER CUPS,0.13192612137203166,0.1424802110817942,0.1266490765171504,0.9600000000000001,6.737777777777778,1.0,0.10785221489686093,21.437994722955185,0.9810030395136777,0.8571428571428573,0.9533538461538462,0.9244444444444444
SET/6 RED SPOTTY PAPER CUPS,SET/6 RED SPOTTY PAPER PLATES,0.1424802110817942,0.13192612137203166,0.1266490765171504,0.8888888888888888,6.737777777777778,1.0,0.10785221489686093,7.812664907651712,0.9930769230769231,0.8571428571428573,0.8720027017899358,0.9244444444444444
SET/20 RED RETROSPOT PAPER NAPKINS ,"SET/6 RED SPOTTY PAPER CUPS, SET/6 RED SPOTTY PAPER PLATES",0.13720316622691292,0.1266490765171504,0.10290237467018469,0.75,5.921875,1.0,0.0855257203723171,3.4934036939313984,0.9633027522935779,0.6393442622950819,0.7137462235649547,0.78125
"SET/6 RED SPOTTY PAPER CUPS, SET/6 RED SPOTTY PAPER PLATES",SET/20 RED RETROSPOT PAPER NAPKINS ,0.1266490765171504,0.13720316622691292,0.10290237467018469,0.8124999999999999,5.921874999999999,1.0,0.0855257203723171,4.601583113456462,0.9516616314199395,0.6393442622950819,0.7826834862385319,0.78125
SET/20 RED RETROSPOT PAPER NAPKINS ,SET/6 RED SPOTTY PAPER PLATES,0.13720316622691292,0.13192612137203166,0.10554089709762533,0.7692307692307693,5.830769230769231,1.0,0.08744021553734659,3.76165347405453,0.9602446483180428,0.6451612903225805,0.7341594575637129,0.7846153846153847
SET/6 RED SPOTTY PAPER PLATES,SET/20 RED RETROSPOT PAPER NAPKINS ,0.13192612137203166,0.13720316622691292,0.10554089709762533,0.8,5.830769230769231,1.0,0.08744021553734659,4.313984168865437,0.9544072948328268,0.6451612903225805,0.7681957186544344,0.7846153846153847
SPACEBOY LUNCH BOX ,DOLLY GIRL LUNCH BOX,0.12928759894459102,0.10290237467018469,0.07387862796833773,0.5714285714285715,5.553113553113554,1.0,0.06057462702153285,2.093227792436236,0.9416666666666667,0.4666666666666666,0.5222689075630252,0.6446886446886447
DOLLY GIRL LUNCH BOX,SPACEBOY LUNCH BOX ,0.10290237467018469,0.12928759894459102,0.07387862796833773,0.717948717948718,5.553113553113554,1.0,0.06057462702153285,3.087071240105541,0.9139705882352941,0.4666666666666666,0.676068376068376,0.6446886446886447
SET/6 RED SPOTTY PAPER CUPS,SET/20 RED RETROSPOT PAPER NAPKINS ,0.1424802110817942,0.13720316622691292,0.10554089709762533,0.7407407407407407,5.398860398860399,1.0,0.08599216101252428,3.3279306445533354,0.9501538461538462,0.6060606060606061,0.6995129686261184,0.754985754985755
SET/20 RED RETROSPOT PAPER NAPKINS ,SET/6 RED SPOTTY PAPER CUPS,0.13720316622691292,0.1424802110817942,0.10554089709762533,0.7692307692307693,5.398860398860399,1.0,0.08599216101252428,3.7159190853122257,0.94434250764526,0.6060606060606061,0.7308875739644971,0.754985754985755
LUNCH BAG DOLLY GIRL DESIGN,LUNCH BAG SPACEBOY DESIGN ,0.0870712401055409,0.12401055408970976,0.052770448548812667,0.6060606060606061,4.887169568020632,1.0,0.04197269581804638,2.223665516541506,0.8712427745664739,0.3333333333333333,0.5502920774005111,0.5157962604771116
LUNCH BAG SPACEBOY DESIGN ,LUNCH BAG DOLLY GIRL DESIGN,0.12401055408970976,0.0870712401055409,0.052770448548812667,0.425531914893617,4.8871695680206315,1.0,0.04197269581804638,1.5891722857422064,0.9079819277108432,0.3333333333333333,0.37074160619849955,0.5157962604771116
"PLASTERS IN TIN CIRCUS PARADE , PLASTERS IN TIN WOODLAND ANIMALS",PLASTERS IN TIN SPACEBOY,0.10554089709762533,0.13984168865435356,0.0712401055408971,0.675,4.8268867924528305,1.0,0.056481088268669814,2.646640957986605,0.886376051567792,0.4090909090909091,0.6221625766871166,0.5922169811320754
PLASTERS IN TIN SPACEBOY,"PLASTERS IN TIN CIRCUS PARADE , PLASTERS IN TIN WOODLAND ANIMALS",0.13984168865435356,0.10554089709762533,0.0712401055408971,0.5094339622641509,4.82688679245283,1.0,0.056481088268669814,1.8233204789933022,0.9217223358327653,0.4090909090909091,0.4515500640062337,0.5922169811320754
LUNCH BAG SPACEBOY DESIGN ,LUNCH BAG WOODLAND,0.12401055408970976,0.12137203166226913,0.06596306068601583,0.5319148936170213,4.3825161887141535,1.0,0.050911647788584036,1.8770688414487886,0.8810843373493975,0.3676470588235293,0.4672544885310843,0.5376965772432932
LUNCH BAG WOODLAND,LUNCH BAG SPACEBOY DESIGN ,0.12137203166226913,0.12401055408970976,0.06596306068601583,0.5434782608695652,4.3825161887141535,1.0,0.050911647788584036,1.9188340243749213,0.8784384384384384,0.3676470588235293,0.4788501833420639,0.5376965772432932
PLASTERS IN TIN WOODLAND ANIMALS,PLASTERS IN TIN SPACEBOY,0.17678100263852242,0.13984168865435356,0.10817941952506596,0.6119402985074627,4.375950436496761,1.0,0.08345806559408525,2.216561802313781,0.9371482176360224,0.5189873417721518,0.548850837835363,0.6927626020839199
PLASTERS IN TIN SPACEBOY,PLASTERS IN TIN WOODLAND ANIMALS,0.13984168865435356,0.17678100263852242,0.10817941952506596,0.7735849056603773,4.375950436496761,1.0,0.08345806559408525,3.6358839050131917,0.8969025886577884,0.5189873417721518,0.724963715529753,0.6927626020839199
PLASTERS IN TIN WOODLAND ANIMALS,"PLASTERS IN TIN CIRCUS PARADE , PLASTERS IN TIN SPACEBOY",0.17678100263852242,0.09234828496042216,0.0712401055408971,0.4029850746268657,4.363752665245204,1.0,0.05491468313364569,1.520316622691293,0.9363722697056029,0.36,0.3422422769871573,0.5872068230277185
"PLASTERS IN TIN CIRCUS PARADE , PLASTERS IN TIN SPACEBOY",PLASTERS IN TIN WOODLAND ANIMALS,0.09234828496042216,0.17678100263852242,0.0712401055408971,0.7714285714285715,4.363752665245203,1.0,0.05491468313364569,3.6015831134564653,0.8492678725236864,0.36,0.7223443223443222,0.5872068230277185
PLASTERS IN TIN CIRCUS PARADE ,PLASTERS IN TIN STRONGMAN,0.1741424802110818,0.08443271767810026,0.06068601583113457,0.34848484848484845,4.127367424242424,1.0,0.04598269296370813,1.405289317052218,0.9174885400750105,0.3066666666666667,0.2884027595843157,0.5336174242424242
PLASTERS IN TIN STRONGMAN,PLASTERS IN TIN CIRCUS PARADE ,0.08443271767810026,0.1741424802110818,0.06068601583113457,0.71875,4.127367424242424,1.0,0.04598269296370813,2.9363822925828202,0.8275905275028191,0.3066666666666667,0.6594448881789138,0.5336174242424242
LUNCH BAG APPLE DESIGN,LUNCH BAG SPACEBOY DESIGN ,0.12928759894459102,0.12401055408970976,0.06596306068601583,0.5102040816326531,4.114198871037777,1.0,0.049930033903968926,1.7884784520668426,0.8693333333333333,0.35211267605633795,0.4408655028276371,0.5210594876248371
LUNCH BAG SPACEBOY DESIGN ,LUNCH BAG APPLE DESIGN,0.12401055408970976,0.12928759894459102,0.06596306068601583,0.5319148936170213,4.114198871037777,1.0,0.049930033903968926,1.8601583113456466,0.8640963855421687,0.35211267605633795,0.46241134751773044,0.5210594876248371
PLASTERS IN TIN CIRCUS PARADE ,PLASTERS IN TIN SPACEBOY,0.1741424802110818,0.13984168865435356,0.09234828496042216,0.5303030303030303,3.792166952544311,1.0,0.06799590646124713,1.8313047918971828,0.8915563669557279,0.4166666666666667,0.45394125302100763,0.5953401943967982
PLASTERS IN TIN SPACEBOY,PLASTERS IN TIN CIRCUS PARADE ,0.13984168865435356,0.1741424802110818,0.09234828496042216,0.660377358490566,3.7921669525443105,1.0,0.06799590646124713,2.431691586045148,0.8560035056967571,0.4166666666666667,0.5887636385556694,0.5953401943967982
PLASTERS IN TIN CIRCUS PARADE ,"PLASTERS IN TIN SPACEBOY, PLASTERS IN TIN WOODLAND ANIMALS",0.1741424802110818,0.10817941952506596,0.0712401055408971,0.4090909090909091,3.7815964523281598,1.0,0.05240147311700699,1.5092348284960424,0.8906638267660633,0.3375000000000001,0.3374125874125874,0.5338137472283814
"PLASTERS IN TIN SPACEBOY, PLASTERS IN TIN WOODLAND ANIMALS",PLASTERS IN TIN CIRCUS PARADE ,0.10817941952506596,0.1741424802110818,0.0712401055408971,0.6585365853658537,3.7815964523281593,1.0,0.05240147311700699,2.418582736524689,0.8247863247863249,0.3375000000000001,0.5865347151874075,0.5338137472283814
ROUND SNACK BOXES SET OF 4 FRUITS ,ROUND SNACK BOXES SET OF4 WOODLAND ,0.11081794195250659,0.16358839050131926,0.06596306068601583,0.5952380952380952,3.63863287250384,1.0,0.04783453192333666,2.066428682290858,0.8155489614243324,0.31645569620253167,0.5160733062941265,0.49923195084485406
ROUND SNACK BOXES SET OF4 WOODLAND ,ROUND SNACK BOXES SET OF 4 FRUITS ,0.16358839050131926,0.11081794195250659,0.06596306068601583,0.4032258064516129,3.63863287250384,1.0,0.04783453192333666,1.4899807459174212,0.8670031545741326,0.31645569620253167,0.3288503876711017,0.49923195084485406
SPACEBOY LUNCH BOX ,LUNCH BAG SPACEBOY DESIGN ,0.12928759894459102,0.12401055408970976,0.05804749340369393,0.44897959183673475,3.620495006513244,1.0,0.042014466621647026,1.589758624059416,0.831267217630854,0.29729729729729726,0.3709736906810918,0.45853234910985674
LUNCH BAG SPACEBOY DESIGN ,SPACEBOY LUNCH BOX ,0.12401055408970976,0.12928759894459102,0.05804749340369393,0.46808510638297873,3.6204950065132437,1.0,0.042014466621647026,1.636939313984169,0.8262595837897043,0.29729729729729726,0.389103803997421,0.45853234910985674
LUNCH BAG WOODLAND,LUNCH BAG APPLE DESIGN,0.12137203166226913,0.12928759894459102,0.055408970976253295,0.45652173913043476,3.531055900621118,1.0,0.03971707242361164,1.6021108179419528,0.8158158158158157,0.2837837837837838,0.3758234519104084,0.4425465838509317
LUNCH BAG APPLE DESIGN,LUNCH BAG WOODLAND,0.12928759894459102,0.12137203166226913,0.055408970976253295,0.4285714285714286,3.531055900621118,1.0,0.03971707242361164,1.537598944591029,0.8232323232323231,0.2837837837837838,0.3496353496353497,0.4425465838509317
LUNCH BOX WITH CUTLERY RETROSPOT ,STRAWBERRY LUNCH BOX WITH CUTLERY,0.14775725593667546,0.1266490765171504,0.06596306068601583,0.44642857142857145,3.5249255952380953,1.0,0.04724974067292764,1.5776661843561153,0.8404953560371516,0.31645569620253167,0.3661523521795425,0.48363095238095233
STRAWBERRY LUNCH BOX WITH CUTLERY,LUNCH BOX WITH CUTLERY RETROSPOT ,0.1266490765171504,0.14775725593667546,0.06596306068601583,0.5208333333333333,3.524925595238095,1.0,0.04724974067292764,1.7785935528278076,0.8201812688821752,0.31645569620253167,0.43775799793601644,0.48363095238095233
LUNCH BAG SPACEBOY DESIGN ,LUNCH BAG RED RETROSPOT,0.12401055408970976,0.158311345646438,0.06860158311345646,0.5531914893617021,3.4943262411347518,1.0,0.04896930542115412,1.883779369267496,0.8148748841519925,0.32098765432098764,0.46915227105982793,0.4932624113475177
LUNCH BAG RED RETROSPOT,LUNCH BAG SPACEBOY DESIGN ,0.158311345646438,0.12401055408970976,0.06860158311345646,0.4333333333333333,3.4943262411347513,1.0,0.04896930542115412,1.545863728076983,0.8480829515312274,0.32098765432098764,0.3531124497991967,0.4932624113475177
PLASTERS IN TIN CIRCUS PARADE ,PLASTERS IN TIN WOODLAND ANIMALS,0.1741424802110818,0.17678100263852242,0.10554089709762533,0.6060606060606061,3.428312980551787,1.0,0.07475581484395125,2.0897097625329817,0.8576677316293931,0.43010752688172044,0.5214646464646464,0.6015377657168702
PLASTERS IN TIN WOODLAND ANIMALS,PLASTERS IN TIN CIRCUS PARADE ,0.17678100263852242,0.1741424802110818,0.10554089709762533,0.5970149253731344,3.4283129805517865,1.0,0.07475581484395125,2.0493501416984268,0.8604166666666666,0.43010752688172044,0.5120404367936675,0.6015377657168702
PLASTERS IN TIN STRONGMAN,PLASTERS IN TIN WOODLAND ANIMALS,0.08443271767810026,0.17678100263852242,0.05013192612137203,0.59375,3.3586753731343286,1.0,0.03520582563474217,2.0263852242744065,0.7670256332473836,0.23749999999999996,0.5065104166666666,0.43866604477611937
PLASTERS IN TIN WOODLAND ANIMALS,PLASTERS IN TIN STRONGMAN,0.17678100263852242,0.08443271767810026,0.05013192612137203,0.2835820895522388,3.358675373134328,1.0,0.03520582563474217,1.2779793315743182,0.8530701754385964,0.23749999999999996,0.2175147318164222,0.43866604477611937
LUNCH BAG APPLE DESIGN,LUNCH BAG RED RETROSPOT,0.12928759894459102,0.158311345646438,0.06860158311345646,0.5306122448979592,3.351700680272109,1.0,0.04813388934914126,1.7931627853619365,0.8058275058275057,0.3132530120481927,0.4423261467596443,0.4819727891156462
LUNCH BAG RED RETROSPOT,LUNCH BAG APPLE DESIGN,0.158311345646438,0.12928759894459102,0.06860158311345646,0.4333333333333333,3.3517006802721085,1.0,0.04813388934914126,1.5365512959801337,0.833614661200868,0.3132530120481927,0.3491919191919191,0.4819727891156462
ROUND SNACK BOXES SET OF4 WOODLAND ,ALARM CLOCK BAKELIKE RED ,0.16358839050131926,0.09762532981530343,0.052770448548812667,0.3225806451612903,3.3042720139494333,1.0,0.03680007797216672,1.332076894082171,0.8337539432176656,0.2531645569620253,0.24929258630447088,0.4315605928509154
ALARM CLOCK BAKELIKE RED ,ROUND SNACK BOXES SET OF4 WOODLAND ,0.09762532981530343,0.16358839050131926,0.052770448548812667,0.5405405405405406,3.3042720139494333,1.0,0.03680007797216672,1.8204252677324229,0.7728070175438597,0.2531645569620253,0.4506778071446842,0.4315605928509154
LUNCH BAG SPACEBOY DESIGN ,PLASTERS IN TIN SPACEBOY,0.12401055408970976,0.13984168865435356,0.055408970976253295,0.44680851063829785,3.1951023685266957,1.0,0.03806712568138623,1.55490156281713,0.7842799770510613,0.26582278481012656,0.35687247095679414,0.42151746286631875
PLASTERS IN TIN SPACEBOY,LUNCH BAG SPACEBOY DESIGN ,0.13984168865435356,0.12401055408970976,0.055408970976253295,0.3962264150943396,3.1951023685266957,1.0,0.03806712568138623,1.450857519788918,0.7987145778556821,0.26582278481012656,0.31075244373721295,0.42151746286631875
ROUND SNACK BOXES SET OF4 WOODLAND ,ALARM CLOCK BAKELIKE GREEN,0.16358839050131926,0.10026385224274406,0.05013192612137203,0.3064516129032258,3.056451612903226,1.0,0.033729923907519443,1.2972939804872061,0.804416403785489,0.2345679012345679,0.22916469586604862,0.4032258064516129
ALARM CLOCK BAKELIKE GREEN,ROUND SNACK BOXES SET OF4 WOODLAND ,0.10026385224274406,0.16358839050131926,0.05013192612137203,0.5,3.0564516129032255,1.0,0.033729923907519443,1.6728232189973615,0.7478005865102639,0.2345679012345679,0.4022082018927445,0.4032258064516129
LUNCH BAG WOODLAND,LUNCH BAG RED RETROSPOT,0.12137203166226913,0.158311345646438,0.05804749340369393,0.47826086956521735,3.021014492753623,1.0,0.038832923747398024,1.6132365875109935,0.7613977613977614,0.26190476190476186,0.3801281177593021,0.422463768115942
LUNCH BAG RED RETROSPOT,LUNCH BAG WOODLAND,0.158311345646438,0.12137203166226913,0.05804749340369393,0.36666666666666664,3.021014492753623,1.0,0.038832923747398024,1.387307318427996,0.7948133371330862,0.26190476190476186,0.27917917917917917,0.422463768115942
ROUND SNACK BOXES SET OF4 WOODLAND ,ALARM CLOCK BAKELIKE PINK,0.16358839050131926,0.10554089709762533,0.05013192612137203,0.3064516129032258,2.9036290322580647,1.0,0.03286666063310614,1.2896852181383076,0.7838286568155404,0.22891566265060237,0.2246169949567038,0.3907258064516129
ALARM CLOCK BAKELIKE PINK,ROUND SNACK BOXES SET OF4 WOODLAND ,0.10554089709762533,0.16358839050131926,0.05013192612137203,0.475,2.9036290322580642,1.0,0.03286666063310614,1.5931649704736777,0.7329607203850333,0.22891566265060237,0.3723186119873817,0.3907258064516129
ALARM CLOCK BAKELIKE PINK,PLASTERS IN TIN CIRCUS PARADE ,0.10554089709762533,0.1741424802110818,0.05013192612137203,0.475,2.7276515151515146,1.0,0.03175277253708899,1.5730619424550822,0.7081198571650364,0.21839080459770113,0.36429712460063896,0.3814393939393939
PLASTERS IN TIN CIRCUS PARADE ,ALARM CLOCK BAKELIKE PINK,0.1741424802110818,0.10554089709762533,0.05013192612137203,0.28787878787878785,2.7276515151515146,1.0,0.03175277253708899,1.256048953011845,0.7669413149487136,0.21839080459770113,0.2038526861535711,0.3814393939393939
SPACEBOY LUNCH BOX ,LUNCH BAG RED RETROSPOT,0.12928759894459102,0.158311345646438,0.055408970976253295,0.4285714285714286,2.7071428571428573,1.0,0.03494127721193809,1.4729551451187335,0.7242424242424241,0.23863636363636362,0.3210927004030453,0.3892857142857143
LUNCH BAG RED RETROSPOT,SPACEBOY LUNCH BOX ,0.158311345646438,0.12928759894459102,0.055408970976253295,0.35,2.7071428571428573,1.0,0.03494127721193809,1.3395575400852446,0.7492163009404389,0.23863636363636362,0.2534848484848484,0.3892857142857143
RED RETROSPOT MINI CASES,LUNCH BOX WITH CUTLERY RETROSPOT ,0.1424802110817942,0.14775725593667546,0.052770448548812667,0.37037037037037035,2.5066137566137563,1.0,0.031717963534088456,1.353562005277045,0.7009230769230769,0.22222222222222224,0.26120857699805067,0.3637566137566137
LUNCH BOX WITH CUTLERY RETROSPOT ,RED RETROSPOT MINI CASES,0.14775725593667546,0.1424802110817942,0.052770448548812667,0.35714285714285715,2.5066137566137563,1.0,0.031717963534088456,1.3339196716505424,0.7052631578947368,0.22222222222222224,0.25032967032967035,0.3637566137566137
PLASTERS IN TIN CIRCUS PARADE ,LUNCH BAG SPACEBOY DESIGN ,0.1741424802110818,0.12401055408970976,0.05013192612137203,0.28787878787878785,2.3214055448098,1.0,0.028536420659839457,1.2301128389378544,0.6892550865982848,0.20212765957446807,0.18706644760861624,0.346067053513862
LUNCH BAG SPACEBOY DESIGN ,PLASTERS IN TIN CIRCUS PARADE ,0.12401055408970976,0.1741424802110818,0.05013192612137203,0.40425531914893614,2.3214055448098,1.0,0.028536420659839457,1.3862608367885414,0.6498097653772986,0.20212765957446807,0.2786350350078172,0.346067053513862
RED RETROSPOT MINI CASES,ROUND SNACK BOXES SET OF4 WOODLAND ,0.1424802110817942,0.16358839050131926,0.052770448548812667,0.37037037037037035,2.2640382317801673,1.0,0.02946234013965372,1.3284184386155518,0.6510769230769231,0.20833333333333337,0.24722514312419672,0.34647550776583036
ROUND SNACK BOXES SET OF4 WOODLAND ,RED RETROSPOT MINI CASES,0.16358839050131926,0.1424802110817942,0.052770448548812667,0.3225806451612903,2.264038231780167,1.0,0.02946234013965372,1.2658625455459227,0.6675078864353312,0.20833333333333337,0.21002481389578162,0.34647550776583036
LUNCH BAG RED RETROSPOT,LUNCH BOX WITH CUTLERY RETROSPOT ,0.158311345646438,0.14775725593667546,0.052770448548812667,0.3333333333333333,2.255952380952381,1.0,0.029378798532452434,1.2783641160949868,0.6614420062695925,0.20833333333333337,0.217750257997936,0.34523809523809523
LUNCH BOX WITH CUTLERY RETROSPOT ,LUNCH BAG RED RETROSPOT,0.14775725593667546,0.158311345646438,0.052770448548812667,0.35714285714285715,2.255952380952381,1.0,0.029378798532452434,1.3092934623277632,0.653250773993808,0.20833333333333337,0.23622928795342588,0.34523809523809523
PLASTERS IN TIN CIRCUS PARADE ,RED RETROSPOT MINI CASES,0.1741424802110818,0.1424802110817942,0.052770448548812667,0.30303030303030304,2.12682379349046,1.0,0.02795859121003056,1.2303544797522081,0.6415335463258786,0.2,0.18722610722610722,0.3367003367003367
RED RETROSPOT MINI CASES,PLASTERS IN TIN CIRCUS PARADE ,0.1424802110817942,0.1741424802110818,0.052770448548812667,0.37037037037037035,2.12682379349046,1.0,0.02795859121003056,1.3116560608412229,0.6178461538461538,0.2,0.23760501715773277,0.3367003367003367
LUNCH BOX WITH CUTLERY RETROSPOT ,PLASTERS IN TIN CIRCUS PARADE ,0.14775725593667546,0.1741424802110818,0.05013192612137203,0.3392857142857143,1.9483225108225108,1.0,0.024401111103375773,1.2499465164372816,0.571125957308131,0.18446601941747573,0.19996576905522592,0.3135822510822511
PLASTERS IN TIN CIRCUS PARADE ,LUNCH BOX WITH CUTLERY RETROSPOT ,0.1741424802110818,0.14775725593667546,0.05013192612137203,0.28787878787878785,1.9483225108225106,1.0,0.024401111103375773,1.196766406557009,0.5893727930048763,0.18446601941747573,0.16441504831597706,0.3135822510822511
ROUND SNACK BOXES SET OF4 WOODLAND ,PLASTERS IN TIN CIRCUS PARADE ,0.16358839050131926,0.1741424802110818,0.055408970976253295,0.3387096774193548,1.945014662756598,1.0,0.026921282920614582,1.2488577128515346,0.5808922938260477,0.19626168224299065,0.1992682675461197,0.32844574780058644
PLASTERS IN TIN CIRCUS PARADE ,ROUND SNACK BOXES SET OF4 WOODLAND ,0.1741424802110818,0.16358839050131926,0.055408970976253295,0.3181818181818181,1.9450146627565978,1.0,0.026921282920614582,1.2267370272647318,0.5883158375171154,0.19626168224299065,0.18482936621737875,0.32844574780058644
ROUND SNACK BOXES SET OF4 WOODLAND ,PLASTERS IN TIN WOODLAND ANIMALS,0.16358839050131926,0.17678100263852242,0.05013192612137203,0.3064516129032258,1.7335098700048148,1.0,0.021212606428526674,1.186966926428177,0.5058940727212352,0.1727272727272727,0.15751654259718775,0.2950168512277323
PLASTERS IN TIN WOODLAND ANIMALS,ROUND SNACK BOXES SET OF4 WOODLAND ,0.17678100263852242,0.16358839050131926,0.05013192612137203,0.2835820895522388,1.7335098700048146,1.0,0.021212606428526674,1.1674912049252417,0.5140013495276653,0.1727272727272727,0.14346249823438012,0.2950168512277323
RED TOADSTOOL LED NIGHT LIGHT,PLASTERS IN TIN WOODLAND ANIMALS,0.18469656992084432,0.17678100263852242,0.055408970976253295,0.3,1.6970149253731344,1.0,0.02275812616175047,1.1760271390878252,0.5037756202804745,0.1810344827586207,0.14967948717948718,0.3067164179104478
PLASTERS IN TIN WOODLAND ANIMALS,RED TOADSTOOL LED NIGHT LIGHT,0.17678100263852242,0.18469656992084432,0.055408970976253295,0.31343283582089554,1.6970149253731344,1.0,0.02275812616175047,1.1875071698979007,0.4989316239316238,0.1810344827586207,0.15789982128193983,0.3067164179104478
PLASTERS IN TIN CIRCUS PARADE ,RED TOADSTOOL LED NIGHT LIGHT,0.1741424802110818,0.18469656992084432,0.052770448548812667,0.30303030303030304,1.6406926406926408,1.0,0.020606929776317347,1.1697831822874842,0.47284345047923326,0.1724137931034483,0.14514072766499952,0.2943722943722944
RED TOADSTOOL LED NIGHT LIGHT,PLASTERS IN TIN CIRCUS PARADE ,0.18469656992084432,0.1741424802110818,0.052770448548812667,0.28571428571428575,1.6406926406926408,1.0,0.020606929776317347,1.1562005277044856,0.47896440129449835,0.1724137931034483,0.1350981287083524,0.2943722943722944
RED TOADSTOOL LED NIGHT LIGHT,RABBIT NIGHT LIGHT,0.18469656992084432,0.19261213720316622,0.052770448548812667,0.28571428571428575,1.483365949119374,1.0,0.017195647482264813,1.1303430079155674,0.3996763754045307,0.1626016260162602,0.11531279178338007,0.2798434442270059
RABBIT NIGHT LIGHT,RED TOADSTOOL LED NIGHT LIGHT,0.19261213720316622,0.18469656992084432,0.052770448548812667,0.27397260273972607,1.483365949119374,1.0,0.017195647482264813,1.122965101807139,0.40359477124183,0.1626016260162602,0.10950037682315915,0.2798434442270059
